2015-08-07T07:59:14.465000,0.00,0.00
2015-08-07T07:59:15.517000,0.00,24.44
2015-08-07T07:59:16.575000,0.00,24.44
2015-08-07T07:59:17.668000,478.41,24.50
2015-08-07T07:59:18.728000,478.41,24.56
2015-08-07T07:59:19.789000,478.41,24.63
2015-08-07T07:59:20.849000,919.69,24.63
2015-08-07T07:59:21.909000,919.69,24.69
2015-08-07T07:59:22.971000,919.69,24.75
2015-08-07T07:59:24.031000,1359.41,24.75
2015-08-07T07:59:25.093000,1359.41,24.81
2015-08-07T07:59:26.154000,1359.41,24.88
2015-08-07T07:59:27.216000,1795.03,24.94
2015-08-07T07:59:28.278000,1795.03,25.13
2015-08-07T07:59:29.340000,1795.03,25.19
2015-08-07T07:59:30.401000,2227.59,25.31
2015-08-07T07:59:31.462000,2227.59,25.38
2015-08-07T07:59:32.525000,2227.59,25.50
2015-08-07T07:59:33.586000,2656.19,25.63
2015-08-07T07:59:34.648000,2656.19,25.69
2015-08-07T07:59:35.709000,2656.19,25.81
2015-08-07T07:59:36.771000,3081.72,25.88
2015-08-07T07:59:37.834000,3081.72,25.94
2015-08-07T07:59:38.895000,3081.72,26.19
2015-08-07T07:59:39.957000,3496.53,26.44
2015-08-07T07:59:41.018000,3496.53,26.75
2015-08-07T07:59:42.079000,3496.53,27.13
2015-08-07T07:59:43.141000,3891.06,27.75
2015-08-07T07:59:44.203000,3891.06,28.31
2015-08-07T07:59:45.331000,3891.06,28.94
2015-08-07T07:59:46.327000,4273.66,29.44
2015-08-07T07:59:47.388000,4273.66,29.31
2015-08-07T07:59:48.449000,4273.66,29.00
2015-08-07T07:59:49.511000,4669.91,28.69
2015-08-07T07:59:50.572000,4669.91,28.38
2015-08-07T07:59:51.633000,4669.91,28.19
2015-08-07T07:59:52.695000,5000.00,28.06
2015-08-07T07:59:53.757000,5000.00,27.94
2015-08-07T07:59:54.820000,5000.00,27.81
2015-08-07T07:59:55.880000,5000.00,27.75
2015-08-07T07:59:56.942000,5000.00,27.69
2015-08-07T07:59:58.004000,5000.00,27.63
2015-08-07T07:59:59.066000,5000.00,27.63
2015-08-07T08:00:00.127000,5000.00,27.56
2015-08-07T08:00:01.188000,5000.00,27.56
2015-08-07T08:00:02.250000,5000.00,27.56
2015-08-07T08:00:03.312000,5000.00,27.50
2015-08-07T08:00:04.374000,5000.00,27.50
2015-08-07T08:00:05.437000,5000.00,27.50
2015-08-07T08:00:06.497000,5000.00,27.50
2015-08-07T08:00:07.558000,5000.00,27.50
2015-08-07T08:00:08.621000,5000.00,27.50
2015-08-07T08:00:09.683000,5000.00,27.50
2015-08-07T08:00:10.744000,5000.00,27.50
2015-08-07T08:00:11.806000,5000.00,27.50
2015-08-07T08:00:12.868000,5000.00,27.56
2015-08-07T08:00:13.929000,5000.00,27.56
2015-08-07T08:00:14.991000,5000.00,27.63
2015-08-07T08:00:16.052000,5000.00,27.81
2015-08-07T08:00:17.113000,5000.00,28.00
2015-08-07T08:00:18.176000,5000.00,28.19
2015-08-07T08:00:19.238000,5000.00,28.31
2015-08-07T08:00:20.300000,5000.00,28.38
2015-08-07T08:00:21.361000,5000.00,28.44
2015-08-07T08:00:22.422000,5000.00,28.44
2015-08-07T08:00:23.485000,5000.00,28.44
2015-08-07T08:00:24.546000,5000.00,28.38
2015-08-07T08:00:25.606000,5000.00,28.44
2015-08-07T08:00:26.669000,5000.00,28.38
2015-08-07T08:00:27.731000,5000.00,28.31
2015-08-07T08:00:28.792000,5000.00,28.31
2015-08-07T08:00:29.854000,5000.00,28.25
2015-08-07T08:00:30.915000,5000.00,28.25
2015-08-07T08:00:31.977000,5000.00,28.25
2015-08-07T08:00:33.039000,5000.00,28.19
2015-08-07T08:00:34.136000,5000.00,28.25
2015-08-07T08:00:35.162000,5000.00,28.31
2015-08-07T08:00:36.223000,5000.00,28.31
2015-08-07T08:00:37.285000,5000.00,28.38
2015-08-07T08:00:38.348000,5000.00,28.44
2015-08-07T08:00:39.408000,5000.00,28.50
2015-08-07T08:00:40.470000,5000.00,28.56
2015-08-07T08:00:41.533000,5000.00,28.63
2015-08-07T08:00:42.594000,5000.00,28.63
2015-08-07T08:00:43.656000,5000.00,28.69
2015-08-07T08:00:44.718000,5000.00,28.75
2015-08-07T08:00:45.779000,5000.00,28.94
2015-08-07T08:00:46.840000,5000.00,29.19
2015-08-07T08:00:47.902000,5000.00,29.38
2015-08-07T08:00:48.965000,5000.00,29.63
2015-08-07T08:00:50.026000,5000.00,29.81
2015-08-07T08:00:51.087000,5000.00,29.94
2015-08-07T08:00:52.148000,5000.00,30.00
2015-08-07T08:00:53.210000,5000.00,30.06
2015-08-07T08:00:54.273000,5000.00,30.06
2015-08-07T08:00:55.334000,5000.00,30.06
2015-08-07T08:00:56.396000,5000.00,30.06
2015-08-07T08:00:57.457000,5000.00,30.06
2015-08-07T08:00:58.518000,5000.00,30.00
2015-08-07T08:00:59.582000,5000.00,30.06
2015-08-07T08:01:00.641000,5000.00,30.06
2015-08-07T08:01:01.703000,5000.00,30.13
2015-08-07T08:01:02.765000,5000.00,30.19
2015-08-07T08:01:03.827000,5000.00,30.25
2015-08-07T08:01:04.889000,5000.00,30.19
2015-08-07T08:01:05.950000,5000.00,30.19
2015-08-07T08:01:07.095000,5000.00,30.19
2015-08-07T08:01:08.074000,5000.00,30.13
2015-08-07T08:01:09.135000,5000.00,30.19
2015-08-07T08:01:10.197000,5000.00,30.25
2015-08-07T08:01:11.258000,5000.00,30.31
2015-08-07T08:01:12.320000,5000.00,30.31
2015-08-07T08:01:13.382000,5000.00,30.44
2015-08-07T08:01:14.444000,5000.00,30.50
2015-08-07T08:01:15.505000,5000.00,30.56
2015-08-07T08:01:16.567000,5000.00,30.56
2015-08-07T08:01:17.630000,5000.00,30.56
2015-08-07T08:01:18.692000,5000.00,30.63
2015-08-07T08:01:19.753000,5000.00,30.63
2015-08-07T08:01:20.814000,5000.00,30.56
2015-08-07T08:01:21.877000,5000.00,30.56
2015-08-07T08:01:22.938000,5000.00,30.56
2015-08-07T08:01:24,5000.00,30.50
2015-08-07T08:01:25.062000,5000.00,30.50
2015-08-07T08:01:26.122000,5000.00,30.50
2015-08-07T08:01:27.185000,5000.00,30.56
2015-08-07T08:01:28.247000,5000.00,30.56
2015-08-07T08:01:29.308000,5000.00,30.56
2015-08-07T08:01:30.370000,5000.00,30.63
2015-08-07T08:01:31.431000,5000.00,30.63
2015-08-07T08:01:32.493000,5000.00,30.69
2015-08-07T08:01:33.554000,5000.00,30.69
2015-08-07T08:01:34.616000,5000.00,30.75
2015-08-07T08:01:35.678000,5000.00,30.81
2015-08-07T08:01:36.740000,5000.00,30.88
2015-08-07T08:01:37.802000,5000.00,30.88
2015-08-07T08:01:38.865000,5000.00,30.94
2015-08-07T08:01:39.926000,5000.00,31.00
2015-08-07T08:01:40.987000,5000.00,31.06
2015-08-07T08:01:42.048000,5000.00,31.13
2015-08-07T08:01:43.110000,5000.00,31.13
2015-08-07T08:01:44.171000,5000.00,31.13
2015-08-07T08:01:45.233000,5000.00,31.13
2015-08-07T08:01:46.294000,5000.00,31.19
2015-08-07T08:01:47.357000,5000.00,31.19
2015-08-07T08:01:48.418000,5000.00,31.19
2015-08-07T08:01:49.480000,5000.00,31.19
2015-08-07T08:01:50.543000,5000.00,31.25
2015-08-07T08:01:51.604000,5000.00,31.31
2015-08-07T08:01:52.666000,5000.00,31.31
2015-08-07T08:01:53.728000,5000.00,31.38
2015-08-07T08:01:54.790000,5000.00,31.56
2015-08-07T08:01:55.852000,5000.00,31.75
2015-08-07T08:01:56.914000,5000.00,31.88
2015-08-07T08:01:57.975000,5000.00,31.88
2015-08-07T08:01:59.037000,5000.00,31.94
2015-08-07T08:02:00.099000,5000.00,31.94
2015-08-07T08:02:01.159000,5000.00,31.94
2015-08-07T08:02:02.221000,5000.00,31.94
2015-08-07T08:02:03.284000,5000.00,32.00
2015-08-07T08:02:04.346000,5000.00,32.00
2015-08-07T08:02:05.407000,5000.00,32.06
2015-08-07T08:02:06.468000,5000.00,32.06
2015-08-07T08:02:07.529000,5000.00,32.13
2015-08-07T08:02:08.592000,5000.00,32.06
2015-08-07T08:02:09.653000,5000.00,32.06
2015-08-07T08:02:10.715000,5000.00,32.13
2015-08-07T08:02:11.777000,5000.00,32.13
2015-08-07T08:02:12.838000,5000.00,32.19
2015-08-07T08:02:13.900000,5000.00,32.19
2015-08-07T08:02:14.963000,5000.00,32.25
2015-08-07T08:02:16.024000,5000.00,32.31
2015-08-07T08:02:17.085000,5000.00,32.31
2015-08-07T08:02:18.147000,5000.00,32.38
2015-08-07T08:02:19.209000,5000.00,32.38
2015-08-07T08:02:20.272000,5000.00,32.38
2015-08-07T08:02:21.333000,5000.00,32.44
2015-08-07T08:02:22.393000,5000.00,32.44
2015-08-07T08:02:23.456000,5000.00,32.44
2015-08-07T08:02:24.517000,5000.00,32.50
2015-08-07T08:02:25.579000,5000.00,32.56
2015-08-07T08:02:26.641000,5000.00,32.69
2015-08-07T08:02:27.704000,5000.00,32.81
2015-08-07T08:02:28.765000,5000.00,32.94
2015-08-07T08:02:29.827000,5000.00,33.00
2015-08-07T08:02:30.889000,5000.00,33.13
2015-08-07T08:02:31.950000,5000.00,33.19
2015-08-07T08:02:33.011000,5000.00,33.31
2015-08-07T08:02:34.073000,5000.00,33.38
2015-08-07T08:02:35.135000,5000.00,33.38
2015-08-07T08:02:36.197000,5000.00,33.44
2015-08-07T08:02:37.258000,5000.00,33.50
2015-08-07T08:02:38.321000,5000.00,33.50
2015-08-07T08:02:39.382000,5000.00,33.50
2015-08-07T08:02:40.443000,5000.00,33.56
2015-08-07T08:02:41.505000,5000.00,33.56
2015-08-07T08:02:42.567000,5000.00,33.50
2015-08-07T08:02:43.628000,5000.00,33.56
2015-08-07T08:02:44.691000,5000.00,33.63
2015-08-07T08:02:45.752000,5000.00,33.69
2015-08-07T08:02:46.815000,5000.00,33.75
2015-08-07T08:02:47.876000,5000.00,33.88
2015-08-07T08:02:48.938000,5000.00,33.94
2015-08-07T08:02:49.999000,5000.00,34.00
2015-08-07T08:02:51.060000,5000.00,34.06
2015-08-07T08:02:52.122000,5000.00,34.13
2015-08-07T08:02:53.184000,5000.00,34.19
2015-08-07T08:02:54.245000,5000.00,34.25
2015-08-07T08:02:55.308000,5000.00,34.31
2015-08-07T08:02:56.369000,5000.00,34.38
2015-08-07T08:02:57.431000,5000.00,34.44
2015-08-07T08:02:58.492000,5000.00,34.44
2015-08-07T08:02:59.555000,5000.00,34.44
2015-08-07T08:03:00.614000,5000.00,34.44
2015-08-07T08:03:01.677000,5000.00,34.44
2015-08-07T08:03:02.739000,5000.00,34.50
2015-08-07T08:03:03.800000,5000.00,34.56
2015-08-07T08:03:04.862000,5000.00,34.56
2015-08-07T08:03:05.923000,5000.00,34.56
2015-08-07T08:03:06.985000,5000.00,34.56
2015-08-07T08:03:08.047000,5000.00,34.63
2015-08-07T08:03:09.108000,5000.00,34.63
2015-08-07T08:03:10.170000,5000.00,34.63
2015-08-07T08:03:11.231000,5000.00,34.63
2015-08-07T08:03:12.294000,5000.00,34.69
2015-08-07T08:03:13.355000,5000.00,34.69
2015-08-07T08:03:14.417000,5000.00,34.75
2015-08-07T08:03:15.478000,5000.00,34.81
2015-08-07T08:03:16.540000,5000.00,34.88
2015-08-07T08:03:17.602000,5000.00,34.94
2015-08-07T08:03:18.664000,5000.00,35.00
2015-08-07T08:03:19.725000,5000.00,35.06
2015-08-07T08:03:20.786000,5000.00,35.13
2015-08-07T08:03:21.848000,5000.00,35.13
2015-08-07T08:03:22.911000,5000.00,35.19
2015-08-07T08:03:23.972000,5000.00,35.19
2015-08-07T08:03:25.035000,5000.00,35.19
2015-08-07T08:03:26.096000,5000.00,35.25
2015-08-07T08:03:27.157000,5000.00,35.25
2015-08-07T08:03:28.219000,5000.00,35.31
2015-08-07T08:03:29.280000,5000.00,35.31
2015-08-07T08:03:30.343000,5000.00,35.38
2015-08-07T08:03:31.403000,5000.00,35.38
2015-08-07T08:03:32.466000,5000.00,35.44
2015-08-07T08:03:33.527000,5000.00,35.44
2015-08-07T08:03:34.589000,5000.00,35.44
2015-08-07T08:03:35.649000,5000.00,35.50
2015-08-07T08:03:36.711000,5000.00,35.56
2015-08-07T08:03:37.773000,5000.00,35.69
2015-08-07T08:03:38.834000,5000.00,35.69
2015-08-07T08:03:39.896000,5000.00,35.75
2015-08-07T08:03:40.957000,5000.00,35.81
2015-08-07T08:03:42.019000,5000.00,35.88
2015-08-07T08:03:43.082000,5000.00,35.94
2015-08-07T08:03:44.144000,5000.00,36.13
2015-08-07T08:03:45.206000,5000.00,36.31
2015-08-07T08:03:46.267000,5000.00,36.38
2015-08-07T08:03:47.329000,5000.00,36.50
2015-08-07T08:03:48.391000,5000.00,36.63
2015-08-07T08:03:49.452000,5000.00,36.81
2015-08-07T08:03:50.514000,5000.00,37.00
2015-08-07T08:03:51.575000,5000.00,37.19
2015-08-07T08:03:52.637000,5000.00,37.38
2015-08-07T08:03:53.699000,5000.00,37.50
2015-08-07T08:03:54.761000,5000.00,37.69
2015-08-07T08:03:55.822000,5000.00,37.81
2015-08-07T08:03:56.884000,5000.00,37.94
2015-08-07T08:03:57.946000,5000.00,38.06
2015-08-07T08:03:59.008000,5000.00,38.13
2015-08-07T08:04:00.070000,5000.00,38.19
2015-08-07T08:04:01.130000,5000.00,38.31
2015-08-07T08:04:02.192000,5000.00,38.38
2015-08-07T08:04:03.254000,5000.00,38.50
2015-08-07T08:04:04.317000,5000.00,38.56
2015-08-07T08:04:05.378000,5000.00,38.69
2015-08-07T08:04:06.438000,5000.00,38.81
2015-08-07T08:04:07.500000,5000.00,38.94
2015-08-07T08:04:08.563000,5000.00,39.06
2015-08-07T08:04:09.624000,5000.00,39.19
2015-08-07T08:04:10.685000,5000.00,39.31
2015-08-07T08:04:11.746000,5000.00,39.44
2015-08-07T08:04:12.809000,5000.00,39.50
2015-08-07T08:04:13.870000,5000.00,39.56
2015-08-07T08:04:14.932000,5000.00,39.63
2015-08-07T08:04:15.993000,5000.00,39.63
2015-08-07T08:04:17.055000,5000.00,39.75
2015-08-07T08:04:18.116000,5000.00,39.75
2015-08-07T08:04:19.193000,5000.00,39.88
2015-08-07T08:04:20.240000,5000.00,39.94
2015-08-07T08:04:21.302000,5000.00,40.00
2015-08-07T08:04:22.363000,5000.00,40.00
2015-08-07T08:04:23.426000,5000.00,40.13
2015-08-07T08:04:24.487000,5000.00,40.13
2015-08-07T08:04:25.549000,5000.00,40.13
2015-08-07T08:04:26.610000,5000.00,40.19
2015-08-07T08:04:27.673000,5000.00,40.25
2015-08-07T08:04:28.734000,5000.00,40.38
2015-08-07T08:04:29.796000,5000.00,40.44
2015-08-07T08:04:30.857000,5000.00,40.50
2015-08-07T08:04:31.918000,5000.00,40.63
2015-08-07T08:04:32.980000,5000.00,40.63
2015-08-07T08:04:34.043000,5000.00,40.75
2015-08-07T08:04:35.105000,5000.00,40.81
2015-08-07T08:04:36.165000,5000.00,40.88
2015-08-07T08:04:37.227000,5000.00,40.94
2015-08-07T08:04:38.289000,5000.00,41.00
2015-08-07T08:04:39.351000,5000.00,41.06
2015-08-07T08:04:40.413000,5000.00,41.13
2015-08-07T08:04:41.474000,5000.00,41.13
2015-08-07T08:04:42.535000,5000.00,41.25
2015-08-07T08:04:43.598000,5000.00,41.31
2015-08-07T08:04:44.659000,5000.00,41.38
2015-08-07T08:04:45.719000,5000.00,41.44
2015-08-07T08:04:46.782000,5000.00,41.50
2015-08-07T08:04:47.843000,5000.00,41.56
2015-08-07T08:04:48.905000,5000.00,41.63
2015-08-07T08:04:49.968000,5000.00,41.69
2015-08-07T08:04:51.029000,5000.00,41.75
2015-08-07T08:04:52.090000,5000.00,41.81
2015-08-07T08:04:53.151000,5000.00,41.88
2015-08-07T08:04:54.213000,5000.00,41.94
2015-08-07T08:04:55.276000,5000.00,42.06
2015-08-07T08:04:56.337000,5000.00,42.13
2015-08-07T08:04:57.399000,5000.00,42.19
2015-08-07T08:04:58.460000,5000.00,42.25
2015-08-07T08:04:59.523000,5000.00,42.31
2015-08-07T08:05:00.584000,5000.00,42.44
2015-08-07T08:05:01.645000,5000.00,42.50
2015-08-07T08:05:02.707000,5000.00,42.56
2015-08-07T08:05:03.770000,5000.00,42.63
2015-08-07T08:05:04.832000,5000.00,42.63
2015-08-07T08:05:05.892000,5000.00,42.69
2015-08-07T08:05:06.954000,5000.00,42.75
2015-08-07T08:05:08.016000,5000.00,42.81
2015-08-07T08:05:09.078000,5000.00,42.88
2015-08-07T08:05:10.139000,5000.00,42.94
2015-08-07T08:05:11.200000,5000.00,43.00
2015-08-07T08:05:12.263000,5000.00,43.06
2015-08-07T08:05:13.324000,5000.00,43.19
2015-08-07T08:05:14.386000,5000.00,43.25
2015-08-07T08:05:15.448000,5000.00,43.31
2015-08-07T08:05:16.508000,5000.00,43.38
2015-08-07T08:05:17.571000,5000.00,43.38
2015-08-07T08:05:18.633000,5000.00,43.44
2015-08-07T08:05:19.696000,5000.00,43.44
2015-08-07T08:05:20.755000,5000.00,43.50
2015-08-07T08:05:21.817000,5000.00,43.56
2015-08-07T08:05:22.879000,5000.00,43.56
2015-08-07T08:05:23.940000,5000.00,43.69
2015-08-07T08:05:25.002000,5000.00,43.75
2015-08-07T08:05:26.063000,5000.00,43.75
2015-08-07T08:05:27.125000,5000.00,43.81
2015-08-07T08:05:28.187000,5000.00,43.88
2015-08-07T08:05:29.248000,5000.00,43.88
2015-08-07T08:05:30.311000,5000.00,43.94
2015-08-07T08:05:31.373000,5000.00,44.00
2015-08-07T08:05:32.434000,5000.00,44.06
2015-08-07T08:05:33.495000,5000.00,44.13
2015-08-07T08:05:34.557000,5000.00,44.25
2015-08-07T08:05:35.620000,5000.00,44.31
2015-08-07T08:05:36.682000,5000.00,44.44
2015-08-07T08:05:37.743000,5000.00,44.50
2015-08-07T08:05:38.806000,5000.00,44.50
2015-08-07T08:05:39.866000,5000.00,44.56
2015-08-07T08:05:40.929000,5000.00,44.56
2015-08-07T08:05:41.990000,5000.00,44.69
2015-08-07T08:05:43.052000,5000.00,44.75
2015-08-07T08:05:44.113000,5000.00,44.81
2015-08-07T08:05:45.175000,5000.00,44.94
2015-08-07T08:05:46.237000,5000.00,45.06
2015-08-07T08:05:47.299000,5000.00,45.13
2015-08-07T08:05:48.361000,5000.00,45.19
2015-08-07T08:05:49.422000,5000.00,45.19
2015-08-07T08:05:50.484000,5000.00,45.19
2015-08-07T08:05:51.545000,5000.00,45.25
2015-08-07T08:05:52.607000,5000.00,45.31
2015-08-07T08:05:53.670000,5000.00,45.44
2015-08-07T08:05:54.731000,5000.00,45.50
2015-08-07T08:05:55.792000,5000.00,45.63
2015-08-07T08:05:56.854000,5000.00,45.69
2015-08-07T08:05:57.916000,5000.00,45.75
2015-08-07T08:05:58.978000,5000.00,45.81
2015-08-07T08:06:00.040000,5000.00,45.88
2015-08-07T08:06:01.100000,5000.00,45.88
2015-08-07T08:06:02.162000,5000.00,45.94
2015-08-07T08:06:03.224000,5000.00,46.00
2015-08-07T08:06:04.286000,5000.00,46.06
2015-08-07T08:06:05.349000,5000.00,46.06
2015-08-07T08:06:06.409000,5000.00,46.06
2015-08-07T08:06:07.471000,5000.00,46.13
2015-08-07T08:06:08.533000,5000.00,46.13
2015-08-07T08:06:09.594000,5000.00,46.19
2015-08-07T08:06:10.657000,5000.00,46.19
2015-08-07T08:06:11.719000,5000.00,46.19
2015-08-07T08:06:12.781000,5000.00,46.25
2015-08-07T08:06:13.843000,5000.00,46.25
2015-08-07T08:06:14.905000,5000.00,46.31
2015-08-07T08:06:15.966000,5000.00,46.31
2015-08-07T08:06:17.028000,5000.00,46.38
2015-08-07T08:06:18.090000,5000.00,46.44
2015-08-07T08:06:19.151000,5000.00,46.50
2015-08-07T08:06:20.212000,5000.00,46.56
2015-08-07T08:06:21.274000,5000.00,46.69
2015-08-07T08:06:22.336000,5000.00,46.75
2015-08-07T08:06:23.398000,5000.00,46.81
2015-08-07T08:06:24.459000,5000.00,46.94
2015-08-07T08:06:25.521000,5000.00,47.00
2015-08-07T08:06:26.583000,5000.00,47.13
2015-08-07T08:06:27.645000,5000.00,47.25
2015-08-07T08:06:28.707000,5000.00,47.31
2015-08-07T08:06:29.768000,5000.00,47.38
2015-08-07T08:06:30.830000,5000.00,47.50
2015-08-07T08:06:31.891000,5000.00,47.50
2015-08-07T08:06:32.953000,5000.00,47.56
2015-08-07T08:06:34.015000,5000.00,47.63
2015-08-07T08:06:35.078000,5000.00,47.75
2015-08-07T08:06:36.138000,5000.00,47.81
2015-08-07T08:06:37.200000,5000.00,47.88
2015-08-07T08:06:38.263000,5000.00,47.94
2015-08-07T08:06:39.324000,5000.00,48.00
2015-08-07T08:06:40.386000,5000.00,48.06
2015-08-07T08:06:41.447000,5000.00,48.06
2015-08-07T08:06:42.508000,5000.00,48.13
2015-08-07T08:06:43.570000,5000.00,48.13
2015-08-07T08:06:44.632000,5000.00,48.19
2015-08-07T08:06:45.695000,5000.00,48.19
2015-08-07T08:06:46.756000,5000.00,48.25
2015-08-07T08:06:47.818000,5000.00,48.31
2015-08-07T08:06:48.880000,5000.00,48.31
2015-08-07T08:06:49.942000,5000.00,48.44
2015-08-07T08:06:51.003000,5000.00,48.56
2015-08-07T08:06:52.065000,5000.00,48.69
2015-08-07T08:06:53.126000,5000.00,48.75
2015-08-07T08:06:54.188000,5000.00,48.81
2015-08-07T08:06:55.250000,5000.00,48.88
2015-08-07T08:06:56.312000,5000.00,48.88
2015-08-07T08:06:57.374000,5000.00,48.88
2015-08-07T08:06:58.435000,5000.00,48.94
2015-08-07T08:06:59.497000,5000.00,48.94
2015-08-07T08:07:00.559000,5000.00,48.94
2015-08-07T08:07:01.619000,5000.00,49.00
2015-08-07T08:07:02.682000,5000.00,49.00
2015-08-07T08:07:03.745000,5000.00,49.00
2015-08-07T08:07:04.806000,5000.00,49.06
2015-08-07T08:07:05.867000,5000.00,49.06
2015-08-07T08:07:06.929000,5000.00,49.06
2015-08-07T08:07:07.991000,5000.00,49.06
2015-08-07T08:07:09.053000,5000.00,49.13
2015-08-07T08:07:10.115000,5000.00,49.13
2015-08-07T08:07:11.175000,5000.00,49.19
2015-08-07T08:07:12.237000,5000.00,49.25
2015-08-07T08:07:13.300000,5000.00,49.25
2015-08-07T08:07:14.362000,5000.00,49.31
2015-08-07T08:07:15.423000,5000.00,49.44
2015-08-07T08:07:16.483000,5000.00,49.50
2015-08-07T08:07:17.546000,5000.00,49.56
2015-08-07T08:07:18.608000,5000.00,49.69
2015-08-07T08:07:19.670000,5000.00,49.75
2015-08-07T08:07:20.730000,5000.00,49.81
2015-08-07T08:07:21.792000,5000.00,49.88
2015-08-07T08:07:22.853000,5000.00,49.94
2015-08-07T08:07:23.915000,5000.00,50.00
2015-08-07T08:07:24.977000,5000.00,50.06
2015-08-07T08:07:26.038000,5000.00,50.19
2015-08-07T08:07:27.100000,5000.00,50.31
2015-08-07T08:07:28.161000,5000.00,50.44
2015-08-07T08:07:29.224000,5000.00,50.56
2015-08-07T08:07:30.285000,5000.00,50.69
2015-08-07T08:07:31.347000,5000.00,50.75
2015-08-07T08:07:32.409000,5000.00,50.81
2015-08-07T08:07:33.470000,5000.00,50.88
2015-08-07T08:07:34.532000,5000.00,50.94
2015-08-07T08:07:35.595000,5000.00,51.06
2015-08-07T08:07:36.655000,5000.00,51.06
2015-08-07T08:07:37.718000,5000.00,51.19
2015-08-07T08:07:38.780000,5000.00,51.25
2015-08-07T08:07:39.841000,5000.00,51.31
2015-08-07T08:07:40.902000,5000.00,51.44
2015-08-07T08:07:41.963000,5000.00,51.50
2015-08-07T08:07:43.027000,5000.00,51.56
2015-08-07T08:07:44.088000,5000.00,51.63
2015-08-07T08:07:45.149000,5000.00,51.69
2015-08-07T08:07:46.210000,5000.00,51.75
2015-08-07T08:07:47.273000,5000.00,51.75
2015-08-07T08:07:48.334000,5000.00,51.81
2015-08-07T08:07:49.396000,5000.00,51.94
2015-08-07T08:07:50.458000,5000.00,52.00
2015-08-07T08:07:51.518000,5000.00,52.06
2015-08-07T08:07:52.581000,5000.00,52.13
2015-08-07T08:07:53.643000,5000.00,52.19
2015-08-07T08:07:54.705000,5000.00,52.25
2015-08-07T08:07:55.765000,5000.00,52.31
2015-08-07T08:07:56.826000,5000.00,52.31
2015-08-07T08:07:57.889000,5000.00,52.38
2015-08-07T08:07:58.951000,5000.00,52.38
2015-08-07T08:08:00.013000,5000.00,52.38
2015-08-07T08:08:01.074000,5000.00,52.38
2015-08-07T08:08:02.135000,5000.00,52.38
2015-08-07T08:08:03.197000,5000.00,52.44
2015-08-07T08:08:04.259000,5000.00,52.50
2015-08-07T08:08:05.321000,5000.00,52.50
2015-08-07T08:08:06.383000,5000.00,52.56
2015-08-07T08:08:07.444000,5000.00,52.56
2015-08-07T08:08:08.506000,5000.00,52.63
2015-08-07T08:08:09.567000,5000.00,52.63
2015-08-07T08:08:10.629000,5000.00,52.63
2015-08-07T08:08:11.691000,5000.00,52.69
2015-08-07T08:08:12.752000,5000.00,52.69
2015-08-07T08:08:13.814000,5000.00,52.69
2015-08-07T08:08:14.876000,5000.00,52.75
2015-08-07T08:08:15.936000,5000.00,52.75
2015-08-07T08:08:16.998000,5000.00,52.88
2015-08-07T08:08:18.061000,5000.00,52.94
2015-08-07T08:08:19.123000,5000.00,53.00
2015-08-07T08:08:20.185000,5000.00,53.06
2015-08-07T08:08:21.246000,5000.00,53.13
2015-08-07T08:08:22.307000,5000.00,53.19
2015-08-07T08:08:23.369000,5000.00,53.25
2015-08-07T08:08:24.431000,5000.00,53.38
2015-08-07T08:08:25.493000,5000.00,53.50
2015-08-07T08:08:26.555000,5000.00,53.63
2015-08-07T08:08:27.615000,5000.00,53.69
2015-08-07T08:08:28.678000,5000.00,53.75
2015-08-07T08:08:29.741000,5000.00,53.88
2015-08-07T08:08:30.800000,5000.00,53.88
2015-08-07T08:08:31.862000,5000.00,54.00
2015-08-07T08:08:32.924000,5000.00,54.06
2015-08-07T08:08:33.985000,5000.00,54.06
2015-08-07T08:08:35.047000,5000.00,54.13
2015-08-07T08:08:36.108000,5000.00,54.19
2015-08-07T08:08:37.171000,5000.00,54.19
2015-08-07T08:08:38.232000,5000.00,54.25
2015-08-07T08:08:39.294000,5000.00,54.25
2015-08-07T08:08:40.356000,5000.00,54.25
2015-08-07T08:08:41.417000,5000.00,54.31
2015-08-07T08:08:42.479000,5000.00,54.38
2015-08-07T08:08:43.540000,5000.00,54.44
2015-08-07T08:08:44.602000,5000.00,54.50
2015-08-07T08:08:45.664000,5000.00,54.63
2015-08-07T08:08:46.725000,5000.00,54.69
2015-08-07T08:08:47.787000,5000.00,54.81
2015-08-07T08:08:48.850000,5000.00,54.94
2015-08-07T08:08:49.912000,5000.00,55.00
2015-08-07T08:08:50.973000,5000.00,55.06
2015-08-07T08:08:52.034000,5000.00,55.13
2015-08-07T08:08:53.097000,5000.00,55.13
2015-08-07T08:08:54.158000,5000.00,55.19
2015-08-07T08:08:55.220000,5000.00,55.25
2015-08-07T08:08:56.281000,5000.00,55.31
2015-08-07T08:08:57.343000,5000.00,55.44
2015-08-07T08:08:58.405000,5000.00,55.50
2015-08-07T08:08:59.467000,5000.00,55.56
2015-08-07T08:09:00.529000,5000.00,55.63
2015-08-07T08:09:01.590000,5000.00,55.75
2015-08-07T08:09:02.653000,5000.00,55.75
2015-08-07T08:09:03.713000,5000.00,55.81
2015-08-07T08:09:04.775000,5000.00,55.88
2015-08-07T08:09:05.837000,5000.00,55.88
2015-08-07T08:09:06.898000,5000.00,55.94
2015-08-07T08:09:07.962000,5000.00,55.94
2015-08-07T08:09:09.022000,5000.00,56.00
2015-08-07T08:09:10.083000,5000.00,56.00
2015-08-07T08:09:11.143000,5000.00,56.06
2015-08-07T08:09:12.206000,5000.00,56.13
2015-08-07T08:09:13.267000,5000.00,56.19
2015-08-07T08:09:14.329000,5000.00,56.25
2015-08-07T08:09:15.397000,5000.00,56.31
2015-08-07T08:09:16.453000,5000.00,56.31
2015-08-07T08:09:17.514000,5000.00,56.38
2015-08-07T08:09:18.577000,5000.00,56.38
2015-08-07T08:09:19.638000,5000.00,56.44
2015-08-07T08:09:20.700000,5000.00,56.50
2015-08-07T08:09:21.761000,5000.00,56.50
2015-08-07T08:09:22.824000,5000.00,56.50
2015-08-07T08:09:23.885000,5000.00,56.56
2015-08-07T08:09:24.981000,5000.00,56.56
2015-08-07T08:09:26.007000,5000.00,56.63
2015-08-07T08:09:27.070000,5000.00,56.63
2015-08-07T08:09:28.133000,5000.00,56.69
2015-08-07T08:09:29.198000,5000.00,56.75
2015-08-07T08:09:30.256000,5000.00,56.81
2015-08-07T08:09:31.317000,5000.00,56.94
2015-08-07T08:09:32.380000,5000.00,56.94
2015-08-07T08:09:33.445000,5000.00,57.00
2015-08-07T08:09:34.503000,5000.00,57.06
2015-08-07T08:09:35.564000,5000.00,57.06
2015-08-07T08:09:36.627000,5000.00,57.13
2015-08-07T08:09:37.688000,5000.00,57.19
2015-08-07T08:09:38.749000,5000.00,57.25
2015-08-07T08:09:39.811000,5000.00,57.31
2015-08-07T08:09:40.872000,5000.00,57.38
2015-08-07T08:09:41.934000,5000.00,57.44
2015-08-07T08:09:42.997000,5000.00,57.56
2015-08-07T08:09:44.057000,5000.00,57.75
2015-08-07T08:09:45.120000,5000.00,57.88
2015-08-07T08:09:46.181000,5000.00,58.00
2015-08-07T08:09:47.243000,5000.00,58.13
2015-08-07T08:09:48.312000,5000.00,58.19
2015-08-07T08:09:49.366000,5000.00,58.31
2015-08-07T08:09:50.429000,5000.00,58.38
2015-08-07T08:09:51.491000,5000.00,58.50
2015-08-07T08:09:52.551000,5000.00,58.50
2015-08-07T08:09:53.654000,5000.00,58.56
2015-08-07T08:09:54.686000,5000.00,58.63
2015-08-07T08:09:55.740000,5000.00,58.69
2015-08-07T08:09:56.817000,5000.00,58.69
2015-08-07T08:09:57.863000,5000.00,58.75
2015-08-07T08:09:58.993000,5000.00,58.75
2015-08-07T08:09:59.985000,5000.00,58.75
2015-08-07T08:10:01.055000,5000.00,58.81
2015-08-07T08:10:02.151000,5000.00,58.88
2015-08-07T08:10:03.175000,5000.00,58.88
2015-08-07T08:10:04.231000,5000.00,58.94
2015-08-07T08:10:05.293000,5000.00,59.00
2015-08-07T08:10:06.355000,5000.00,59.06
2015-08-07T08:10:07.416000,5000.00,59.13
2015-08-07T08:10:08.478000,5000.00,59.19
2015-08-07T08:10:09.540000,5000.00,59.19
2015-08-07T08:10:10.602000,5000.00,59.25
2015-08-07T08:10:11.662000,5000.00,59.31
2015-08-07T08:10:12.726000,5000.00,59.44
2015-08-07T08:10:13.787000,5000.00,59.56
2015-08-07T08:10:14.849000,5000.00,59.63
2015-08-07T08:10:15.909000,5000.00,59.69
2015-08-07T08:10:16.971000,5000.00,59.75
2015-08-07T08:10:18.033000,5000.00,59.75
2015-08-07T08:10:19.095000,5000.00,59.81
2015-08-07T08:10:20.157000,5000.00,59.88
2015-08-07T08:10:21.218000,5000.00,59.88
2015-08-07T08:10:22.280000,5000.00,59.94
2015-08-07T08:10:23.342000,4999.16,60.00
2015-08-07T08:10:24.404000,4999.16,60.06
2015-08-07T08:10:25.466000,4999.16,60.13
2015-08-07T08:10:26.527000,4995.84,60.19
2015-08-07T08:10:27.588000,4995.84,60.25
2015-08-07T08:10:28.650000,4995.84,60.31
2015-08-07T08:10:29.713000,4991.03,60.31
2015-08-07T08:10:30.776000,4991.03,60.38
2015-08-07T08:10:31.836000,4991.03,60.44
2015-08-07T08:10:32.899000,4985.50,60.44
2015-08-07T08:10:33.960000,4985.50,60.44
2015-08-07T08:10:35.022000,4985.50,60.50
2015-08-07T08:10:36.083000,4977.50,60.56
2015-08-07T08:10:37.144000,4977.50,60.63
2015-08-07T08:10:38.207000,4977.50,60.69
2015-08-07T08:10:39.269000,4968.00,60.69
2015-08-07T08:10:40.330000,4968.00,60.75
2015-08-07T08:10:41.391000,4968.00,60.81
2015-08-07T08:10:42.454000,4956.94,60.88
2015-08-07T08:10:43.516000,4956.94,60.88
2015-08-07T08:10:44.578000,4956.94,60.94
2015-08-07T08:10:45.639000,4944.31,61.00
2015-08-07T08:10:46.700000,4944.31,61.00
2015-08-07T08:10:47.762000,4944.31,61.06
2015-08-07T08:10:48.824000,4930.13,61.06
2015-08-07T08:10:49.886000,4930.13,61.13
2015-08-07T08:10:50.947000,4930.13,61.13
2015-08-07T08:10:52.009000,4914.38,61.19
2015-08-07T08:10:53.071000,4914.38,61.25
2015-08-07T08:10:54.132000,4914.38,61.31
2015-08-07T08:10:55.194000,4897.06,61.31
2015-08-07T08:10:56.256000,4897.06,61.38
2015-08-07T08:10:57.317000,4897.06,61.44
2015-08-07T08:10:58.380000,4877.34,61.50
2015-08-07T08:10:59.441000,4877.34,61.56
2015-08-07T08:11:00.503000,4877.34,61.56
2015-08-07T08:11:01.564000,4856.13,61.63
2015-08-07T08:11:02.626000,4856.13,61.69
2015-08-07T08:11:03.687000,4856.13,61.69
2015-08-07T08:11:04.749000,4833.34,61.75
2015-08-07T08:11:05.811000,4833.34,61.81
2015-08-07T08:11:06.873000,4833.34,61.88
2015-08-07T08:11:07.936000,4809.00,61.94
2015-08-07T08:11:08.998000,4809.00,61.94
2015-08-07T08:11:10.060000,4809.00,61.94
2015-08-07T08:11:11.120000,4783.09,62.00
2015-08-07T08:11:12.182000,4783.09,62.06
2015-08-07T08:11:13.244000,4783.09,62.06
2015-08-07T08:11:14.306000,4756.47,62.13
2015-08-07T08:11:15.367000,4756.47,62.13
2015-08-07T08:11:16.429000,4756.47,62.19
2015-08-07T08:11:17.491000,4727.38,62.25
2015-08-07T08:11:18.552000,4727.38,62.31
2015-08-07T08:11:19.614000,4727.38,62.38
2015-08-07T08:11:20.677000,4696.78,62.44
2015-08-07T08:11:21.737000,4696.78,62.44
2015-08-07T08:11:22.800000,4696.78,62.50
2015-08-07T08:11:23.861000,4665.47,62.50
2015-08-07T08:11:24.922000,4665.47,62.50
2015-08-07T08:11:25.984000,4665.47,62.56
2015-08-07T08:11:27.046000,4633.38,62.56
2015-08-07T08:11:28.107000,4633.38,62.56
2015-08-07T08:11:29.169000,4633.38,62.56
2015-08-07T08:11:30.232000,4601.34,62.56
2015-08-07T08:11:31.293000,4601.34,62.56
2015-08-07T08:11:32.354000,4601.34,62.63
2015-08-07T08:11:33.417000,4568.47,62.56
2015-08-07T08:11:34.478000,4568.47,62.63
2015-08-07T08:11:35.540000,4568.47,62.63
2015-08-07T08:11:36.602000,4534.81,62.63
2015-08-07T08:11:37.665000,4534.81,62.69
2015-08-07T08:11:38.725000,4534.81,62.69
2015-08-07T08:11:39.787000,4500.38,62.75
2015-08-07T08:11:40.847000,4500.38,62.75
2015-08-07T08:11:41.909000,4500.38,62.81
2015-08-07T08:11:42.971000,4464.31,62.81
2015-08-07T08:11:44.033000,4464.31,62.88
2015-08-07T08:11:45.095000,4464.31,62.88
2015-08-07T08:11:46.155000,4427.53,62.88
2015-08-07T08:11:47.217000,4427.53,62.94
2015-08-07T08:11:48.279000,4427.53,62.94
2015-08-07T08:11:49.341000,4389.97,63.00
2015-08-07T08:11:50.403000,4389.97,63.00
2015-08-07T08:11:51.464000,4389.97,63.00
2015-08-07T08:11:52.526000,4351.63,63.06
2015-08-07T08:11:53.588000,4351.63,63.06
2015-08-07T08:11:54.650000,4351.63,63.06
2015-08-07T08:11:55.712000,4312.50,63.13
2015-08-07T08:11:56.772000,4312.50,63.13
2015-08-07T08:11:57.835000,4312.50,63.13
2015-08-07T08:11:58.897000,4272.59,63.19
2015-08-07T08:11:59.958000,4272.59,63.19
2015-08-07T08:12:01.019000,4272.59,63.25
2015-08-07T08:12:02.081000,4231.06,63.31
2015-08-07T08:12:03.143000,4231.06,63.31
2015-08-07T08:12:04.205000,4231.06,63.38
2015-08-07T08:12:05.267000,4188.81,63.31
2015-08-07T08:12:06.328000,4188.81,63.38
2015-08-07T08:12:07.389000,4188.81,63.38
2015-08-07T08:12:08.451000,4145.78,63.44
2015-08-07T08:12:09.513000,4145.78,63.44
2015-08-07T08:12:10.575000,4145.78,63.44
2015-08-07T08:12:11.638000,4101.97,63.50
2015-08-07T08:12:12.698000,4101.97,63.50
2015-08-07T08:12:13.760000,4101.97,63.56
2015-08-07T08:12:14.821000,4057.38,63.56
2015-08-07T08:12:15.882000,4057.38,63.56
2015-08-07T08:12:16.944000,4057.38,63.56
2015-08-07T08:12:18.006000,4012.00,63.63
2015-08-07T08:12:19.067000,4012.00,63.63
2015-08-07T08:12:20.129000,4012.00,63.63
2015-08-07T08:12:21.191000,3965.84,63.63
2015-08-07T08:12:22.252000,3965.84,63.69
2015-08-07T08:12:23.314000,3965.84,63.69
2015-08-07T08:12:24.376000,3918.91,63.75
2015-08-07T08:12:25.438000,3918.91,63.75
2015-08-07T08:12:26.499000,3918.91,63.75
2015-08-07T08:12:27.561000,3871.19,63.81
2015-08-07T08:12:28.623000,3871.19,63.81
2015-08-07T08:12:29.685000,3871.19,63.88
2015-08-07T08:12:30.747000,3821.84,63.88
2015-08-07T08:12:31.808000,3821.84,63.94
2015-08-07T08:12:32.870000,3821.84,63.94
2015-08-07T08:12:33.932000,3772.63,63.94
2015-08-07T08:12:34.994000,3772.63,63.94
2015-08-07T08:12:36.054000,3772.63,64.00
2015-08-07T08:12:37.116000,3721.72,64.00
2015-08-07T08:12:38.178000,3721.72,64.06
2015-08-07T08:12:39.240000,3721.72,64.06
2015-08-07T08:12:40.301000,3670.94,64.06
2015-08-07T08:12:41.362000,3670.94,64.06
2015-08-07T08:12:42.424000,3670.94,64.06
2015-08-07T08:12:43.487000,3620.16,64.06
2015-08-07T08:12:44.549000,3620.16,64.06
2015-08-07T08:12:45.611000,3620.16,64.13
2015-08-07T08:12:46.671000,3568.53,64.13
2015-08-07T08:12:47.733000,3568.53,64.13
2015-08-07T08:12:48.795000,3568.53,64.19
2015-08-07T08:12:49.857000,3516.13,64.19
2015-08-07T08:12:50.917000,3516.13,64.19
2015-08-07T08:12:51.979000,3516.13,64.19
2015-08-07T08:12:53.041000,3463.78,64.19
2015-08-07T08:12:54.103000,3463.78,64.19
2015-08-07T08:12:55.165000,3463.78,64.25
2015-08-07T08:12:56.226000,3409.75,64.25
2015-08-07T08:12:57.288000,3409.75,64.31
2015-08-07T08:12:58.350000,3409.75,64.31
2015-08-07T08:12:59.412000,3355.00,64.31
2015-08-07T08:13:00.474000,3355.00,64.38
2015-08-07T08:13:01.534000,3355.00,64.38
2015-08-07T08:13:02.596000,3299.47,64.44
2015-08-07T08:13:03.658000,3299.47,64.44
2015-08-07T08:13:04.720000,3299.47,64.44
2015-08-07T08:13:05.782000,3244.00,64.44
2015-08-07T08:13:06.843000,3244.00,64.44
2015-08-07T08:13:07.905000,3244.00,64.50
2015-08-07T08:13:08.967000,3187.69,64.50
2015-08-07T08:13:10.029000,3187.69,64.50
2015-08-07T08:13:11.090000,3187.69,64.56
2015-08-07T08:13:12.151000,3130.59,64.56
2015-08-07T08:13:13.213000,3130.59,64.56
2015-08-07T08:13:14.275000,3130.59,64.56
2015-08-07T08:13:15.337000,3073.56,64.56
2015-08-07T08:13:16.397000,3073.56,64.56
2015-08-07T08:13:17.459000,3073.56,64.56
2015-08-07T08:13:18.522000,3016.53,64.56
2015-08-07T08:13:19.584000,3016.53,64.56
2015-08-07T08:13:20.646000,3016.53,64.56
2015-08-07T08:13:21.707000,2959.50,64.56
2015-08-07T08:13:22.768000,2959.50,64.56
2015-08-07T08:13:23.831000,2959.50,64.56
2015-08-07T08:13:24.893000,2902.47,64.56
2015-08-07T08:13:25.952000,2902.47,64.56
2015-08-07T08:13:27.014000,2902.47,64.56
2015-08-07T08:13:28.076000,2845.44,64.56
2015-08-07T08:13:29.138000,2845.44,64.56
2015-08-07T08:13:30.199000,2845.44,64.56
2015-08-07T08:13:31.260000,2788.41,64.56
2015-08-07T08:13:32.322000,2788.41,64.56
2015-08-07T08:13:33.384000,2788.41,64.56
2015-08-07T08:13:34.447000,2731.38,64.63
2015-08-07T08:13:35.509000,2731.38,64.56
2015-08-07T08:13:36.569000,2731.38,64.63
2015-08-07T08:13:37.631000,2673.50,64.56
2015-08-07T08:13:38.693000,2673.50,64.63
2015-08-07T08:13:39.756000,2673.50,64.63
2015-08-07T08:13:40.817000,2615.69,64.63
2015-08-07T08:13:41.879000,2615.69,64.63
2015-08-07T08:13:42.941000,2615.69,64.63
2015-08-07T08:13:44.002000,2557.88,64.63
2015-08-07T08:13:45.065000,2557.88,64.63
2015-08-07T08:13:46.126000,2557.88,64.63
2015-08-07T08:13:47.187000,2500.06,64.63
2015-08-07T08:13:48.249000,2500.06,64.63
2015-08-07T08:13:49.311000,2500.06,64.56
2015-08-07T08:13:50.373000,2442.25,64.63
2015-08-07T08:13:51.434000,2442.25,64.63
2015-08-07T08:13:52.496000,2442.25,64.56
2015-08-07T08:13:53.558000,2385.28,64.56
2015-08-07T08:13:54.619000,2385.28,64.56
2015-08-07T08:13:55.681000,2385.28,64.56
2015-08-07T08:13:56.742000,2327.41,64.56
2015-08-07T08:13:57.805000,2327.41,64.63
2015-08-07T08:13:58.866000,2327.41,64.63
2015-08-07T08:13:59.928000,2269.59,64.63
2015-08-07T08:14:00.990000,2269.59,64.63
2015-08-07T08:14:02.052000,2269.59,64.63
2015-08-07T08:14:03.113000,2210.94,64.69
2015-08-07T08:14:04.175000,2210.94,64.69
2015-08-07T08:14:05.237000,2210.94,64.63
2015-08-07T08:14:06.297000,2152.34,64.63
2015-08-07T08:14:07.360000,2152.34,64.69
2015-08-07T08:14:08.421000,2152.34,64.69
2015-08-07T08:14:09.483000,2093.75,64.69
2015-08-07T08:14:10.545000,2093.75,64.69
2015-08-07T08:14:11.606000,2093.75,64.69
2015-08-07T08:14:12.668000,2035.16,64.69
2015-08-07T08:14:13.730000,2035.16,64.69
2015-08-07T08:14:14.793000,2035.16,64.69
2015-08-07T08:14:15.854000,1975.72,64.75
2015-08-07T08:14:16.916000,1975.72,64.75
2015-08-07T08:14:17.978000,1975.72,64.75
2015-08-07T08:14:19.039000,1916.34,64.75
2015-08-07T08:14:20.101000,1916.34,64.75
2015-08-07T08:14:21.162000,1916.34,64.81
2015-08-07T08:14:22.224000,1856.97,64.75
2015-08-07T08:14:23.286000,1856.97,64.75
2015-08-07T08:14:24.348000,1856.97,64.81
2015-08-07T08:14:25.411000,1796.75,64.81
2015-08-07T08:14:26.472000,1796.75,64.81
2015-08-07T08:14:27.534000,1796.75,64.81
2015-08-07T08:14:28.595000,1736.59,64.81
2015-08-07T08:14:29.657000,1736.59,64.81
2015-08-07T08:14:30.719000,1736.59,64.81
2015-08-07T08:14:31.780000,1676.44,64.81
2015-08-07T08:14:32.842000,1676.44,64.81
2015-08-07T08:14:33.903000,1676.44,64.81
2015-08-07T08:14:34.965000,1616.28,64.81
2015-08-07T08:14:36.027000,1616.28,64.81
2015-08-07T08:14:37.089000,1616.28,64.88
2015-08-07T08:14:38.151000,1555.28,64.88
2015-08-07T08:14:39.212000,1555.28,64.88
2015-08-07T08:14:40.274000,1555.28,64.94
2015-08-07T08:14:41.335000,1493.50,64.88
2015-08-07T08:14:42.396000,1493.50,64.94
2015-08-07T08:14:43.458000,1493.50,64.94
2015-08-07T08:14:44.520000,1431.78,64.94
2015-08-07T08:14:45.582000,1431.78,64.94
2015-08-07T08:14:46.644000,1431.78,64.94
2015-08-07T08:14:47.706000,1370.06,64.94
2015-08-07T08:14:48.767000,1370.06,64.94
2015-08-07T08:14:49.829000,1370.06,64.94
2015-08-07T08:14:50.891000,1308.34,64.94
2015-08-07T08:14:51.953000,1308.34,64.94
2015-08-07T08:14:53.014000,1308.34,64.94
2015-08-07T08:14:54.077000,1246.63,64.94
2015-08-07T08:14:55.139000,1246.63,64.94
2015-08-07T08:14:56.200000,1246.63,64.94
2015-08-07T08:14:57.261000,1184.91,64.94
2015-08-07T08:14:58.323000,1184.91,64.94
2015-08-07T08:14:59.386000,1184.91,64.94
2015-08-07T08:15:00.447000,1123.19,64.94
2015-08-07T08:15:01.509000,1123.19,64.94
2015-08-07T08:15:02.570000,1123.19,64.94
2015-08-07T08:15:03.632000,1061.47,64.94
2015-08-07T08:15:04.697000,1061.47,64.94
2015-08-07T08:15:05.756000,1061.47,64.94
2015-08-07T08:15:06.818000,999.75,64.94
2015-08-07T08:15:07.877000,999.75,64.94
2015-08-07T08:15:08.942000,999.75,64.94
2015-08-07T08:15:10,938.03,64.94
2015-08-07T08:15:11.059000,938.03,64.94
2015-08-07T08:15:12.123000,938.03,64.94
2015-08-07T08:15:13.180000,876.31,64.94
2015-08-07T08:15:14.242000,876.31,64.94
2015-08-07T08:15:15.302000,876.31,64.94
2015-08-07T08:15:16.362000,815.44,64.94
2015-08-07T08:15:17.425000,815.44,64.88
2015-08-07T08:15:18.487000,815.44,64.88
2015-08-07T08:15:19.546000,753.66,64.88
2015-08-07T08:15:20.606000,753.66,64.94
2015-08-07T08:15:21.666000,753.66,64.94
2015-08-07T08:15:22.727000,691.94,64.94
2015-08-07T08:15:23.788000,691.94,64.94
2015-08-07T08:15:24.848000,691.94,64.94
2015-08-07T08:15:25.909000,630.22,64.94
2015-08-07T08:15:26.970000,630.22,64.94
2015-08-07T08:15:28.041000,630.22,64.94
2015-08-07T08:15:29.135000,568.50,64.94
2015-08-07T08:15:30.157000,568.50,64.94
2015-08-07T08:15:31.213000,568.50,64.88
2015-08-07T08:15:32.273000,506.78,64.94
2015-08-07T08:15:33.334000,506.78,64.94
2015-08-07T08:15:34.395000,506.78,64.94
2015-08-07T08:15:35.457000,445.06,64.94
2015-08-07T08:15:36.516000,445.06,64.94
2015-08-07T08:15:37.577000,445.06,64.94
2015-08-07T08:15:38.637000,383.34,64.94
2015-08-07T08:15:39.699000,383.34,64.94
2015-08-07T08:15:40.760000,383.34,64.94
2015-08-07T08:15:41.819000,321.63,64.94
2015-08-07T08:15:42.880000,321.63,64.94
2015-08-07T08:15:43.941000,321.63,64.94
2015-08-07T08:15:45.002000,259.91,64.94
2015-08-07T08:15:46.062000,259.91,64.94
2015-08-07T08:15:47.122000,259.91,64.94
2015-08-07T08:15:48.183000,198.19,64.88
2015-08-07T08:15:49.244000,198.19,64.94
2015-08-07T08:15:50.305000,198.19,64.94
2015-08-07T08:15:51.365000,136.47,64.94
2015-08-07T08:15:52.426000,136.47,64.94
2015-08-07T08:15:53.486000,136.47,64.94
2015-08-07T08:15:54.516000,74.75,64.94
2015-08-07T08:15:55.576000,74.75,64.94
2015-08-07T08:15:56.634000,74.75,64.94
2015-08-07T08:15:57.695000,13.03,64.94
2015-08-07T08:15:58.754000,13.03,64.94
2015-08-07T08:15:59.814000,13.03,64.94
2015-08-07T08:16:00.874000,0.00,64.94
2015-08-07T08:16:01.932000,0.00,64.94
2015-08-07T08:16:02.992000,0.00,64.94
2015-08-07T08:16:04.050000,0.00,64.94
2015-08-07T08:16:05.109000,0.00,64.94
2015-08-07T08:16:06.167000,0.00,64.94
2015-08-07T08:16:07.225000,0.00,64.94
2015-08-07T08:16:08.285000,0.00,64.94
2015-08-07T08:16:09.343000,0.00,64.94
2015-08-07T08:16:10.402000,0.00,64.94
2015-08-07T08:16:11.459000,0.00,64.94
2015-08-07T08:16:12.521000,0.00,64.94
2015-08-07T08:16:13.578000,0.00,64.94
2015-08-07T08:16:14.636000,0.00,64.94
2015-08-07T08:16:15.695000,0.00,64.94
2015-08-07T08:16:16.761000,0.00,64.94
2015-08-07T08:16:17.811000,0.00,64.94
2015-08-07T08:16:18.871000,0.00,64.94
2015-08-07T08:16:19.932000,0.00,64.94
2015-08-07T08:16:20.987000,0.00,64.94
2015-08-07T08:16:22.044000,0.00,64.94
2015-08-07T08:16:23.103000,0.00,64.88
2015-08-07T08:16:24.163000,0.00,64.94
2015-08-07T08:16:25.222000,0.00,64.88
2015-08-07T08:16:26.278000,0.00,64.88
2015-08-07T08:16:27.337000,0.00,64.88
2015-08-07T08:16:28.396000,0.00,64.88
2015-08-07T08:16:29.456000,0.00,64.88
2015-08-07T08:16:30.514000,0.00,64.88
2015-08-07T08:16:31.572000,0.00,64.88
2015-08-07T08:16:32.631000,0.00,64.88
2015-08-07T08:16:33.692000,0.00,64.81
2015-08-07T08:16:34.748000,0.00,64.81
2015-08-07T08:16:35.806000,0.00,64.81
2015-08-07T08:16:36.864000,0.00,64.81
2015-08-07T08:16:37.924000,0.00,64.81
2015-08-07T08:16:38.982000,0.00,64.81
2015-08-07T08:16:40.041000,0.00,64.81
2015-08-07T08:16:41.099000,0.00,64.75
2015-08-07T08:16:42.158000,0.00,64.75
2015-08-07T08:16:43.216000,0.00,64.75
2015-08-07T08:16:44.276000,0.00,64.75
2015-08-07T08:16:45.334000,0.00,64.75
2015-08-07T08:16:46.393000,0.00,64.75
2015-08-07T08:16:47.450000,0.00,64.75
2015-08-07T08:16:48.510000,0.00,64.75
2015-08-07T08:16:49.570000,0.00,64.69
2015-08-07T08:16:50.627000,0.00,64.75
2015-08-07T08:16:51.691000,0.00,64.75
2015-08-07T08:16:52.743000,0.00,64.75
2015-08-07T08:16:53.802000,0.00,64.75
2015-08-07T08:16:54.861000,0.00,64.75
2015-08-07T08:16:55.921000,0.00,64.75
2015-08-07T08:16:56.978000,0.00,64.69
2015-08-07T08:16:58.038000,0.00,64.69
2015-08-07T08:16:59.097000,0.00,64.69
2015-08-07T08:17:00.159000,0.00,64.75
2015-08-07T08:17:01.213000,0.00,64.75
2015-08-07T08:17:02.272000,0.00,64.75
2015-08-07T08:17:03.331000,0.00,64.75
2015-08-07T08:17:04.388000,0.00,64.75
2015-08-07T08:17:05.450000,0.00,64.75
2015-08-07T08:17:13.813000,0.00,64.75
2015-08-07T08:17:13.821000,0.00,64.75
2015-08-07T08:17:13.828000,0.00,64.75
2015-08-07T08:17:13.835000,0.00,64.75
2015-08-07T08:17:13.843000,0.00,64.75
2015-08-07T08:17:13.849000,0.00,64.75
2015-08-07T08:17:13.857000,0.00,64.75
2015-08-07T08:17:13.916000,0.00,64.75
2015-08-07T08:17:14.977000,0.00,64.75
2015-08-07T08:17:16.034000,0.00,64.75
2015-08-07T08:17:17.093000,0.00,64.75
2015-08-07T08:17:18.149000,0.00,64.75
2015-08-07T08:17:19.208000,0.00,64.75
2015-08-07T08:17:20.267000,0.00,64.75
2015-08-07T08:17:21.327000,0.00,64.75
2015-08-07T08:17:22.385000,0.00,64.75
2015-08-07T08:17:23.444000,0.00,64.75
2015-08-07T08:17:24.501000,0.00,64.75
2015-08-07T08:17:25.560000,0.00,64.75
2015-08-07T08:17:26.619000,0.00,64.75
2015-08-07T08:17:27.676000,0.00,64.75
2015-08-07T08:17:28.735000,0.00,64.75
